unix_s,zenoh,rep,case,transport,shm,kind,qos,rate_hz,sent,received,dups,errors,p50_us,p99_us,p999_us,max_us,mean_us,stddev_us,recv_cpu_us_per_msg,recv_allocs_per_msg,recv_alloc_bytes_per_msg,send_cpu_us_per_msg,send_allocs_per_msg,shm_samples,contiguous,mb_per_s
1791410007,1.10.1,0,ctrl CtrlRaw 100 Hz Default,Router,Off,CtrlRaw,Default,100,500,500,0,0,372.79,2807.32,5520.56,5520.56,446.32,415.45,140.00,3.08,415.60,140.00,4.08,0,500,0.01
1791410012,1.10.1,0,ctrl CtrlRaw 100 Hz RealTime,Router,Off,CtrlRaw,RealTime,100,500,500,0,0,346.66,1637.53,2495.02,2495.02,387.62,232.48,100.00,3.08,415.34,140.00,4.08,0,500,0.01
1791410017,1.10.1,0,ctrl CtrlProto 100 Hz Default,Router,Off,CtrlProto,Default,100,500,500,0,0,351.27,1771.73,4863.47,4863.47,426.35,401.21,120.00,3.08,415.34,180.00,4.09,0,500,0.00
1791410022,1.10.1,0,ctrl CtrlProto 100 Hz RealTime,Router,Off,CtrlProto,RealTime,100,500,500,0,0,348.18,1681.67,4694.97,4694.97,387.91,311.72,120.00,3.08,415.34,160.00,4.08,0,500,0.00
1791410027,1.10.1,0,ctrl CtrlRaw 1000 Hz Default,Router,Off,CtrlRaw,Default,1000,5000,5000,0,0,195.41,2791.22,6175.64,8985.41,285.86,502.69,70.00,2.95,217.73,76.00,3.98,0,5000,0.06
1791410036,1.10.1,0,ctrl CtrlRaw 1000 Hz RealTime,Router,Off,CtrlRaw,RealTime,1000,5000,4969,0,0,190.51,3475.43,10706.81,13712.47,309.46,693.03,80.50,3.01,231.62,84.00,3.99,0,4969,0.06
1791410041,1.10.1,0,ctrl CtrlProto 1000 Hz Default,Router,Off,CtrlProto,Default,1000,5000,5000,0,0,182.43,1029.50,2056.72,3780.39,207.27,164.08,54.00,3.00,220.79,56.00,4.00,0,5000,0.03
1791410049,1.10.1,0,ctrl CtrlProto 1000 Hz RealTime,Router,Off,CtrlProto,RealTime,1000,5000,4960,0,0,202.82,4950.08,10294.68,12846.42,444.71,952.28,118.95,3.01,231.80,114.00,3.98,0,4960,0.03
1791410053,1.10.1,0,ctrl CtrlRaw 5000 Hz Default,Router,Off,CtrlRaw,Default,5000,20000,20000,0,0,159.84,2205.01,5833.35,7998.56,254.06,437.32,50.00,2.76,187.05,51.00,3.90,0,20000,0.32
1791410061,1.10.1,0,ctrl CtrlRaw 5000 Hz RealTime,Router,Off,CtrlRaw,RealTime,5000,20000,19537,0,0,164.86,3315.42,5845.34,8613.05,301.57,563.03,58.35,3.00,205.52,58.00,3.96,0,19537,0.31
1791410065,1.10.1,0,ctrl CtrlProto 5000 Hz Default,Router,Off,CtrlProto,Default,5000,20000,20000,0,0,152.68,2118.68,5674.69,7384.20,240.66,418.76,46.50,2.80,189.67,48.00,3.91,0,20000,0.15
1791410072,1.10.1,0,ctrl CtrlProto 5000 Hz RealTime,Router,Off,CtrlProto,RealTime,5000,20000,19860,0,0,155.36,1451.62,3069.55,5086.23,206.99,257.28,46.83,3.00,205.43,49.00,3.99,0,19860,0.15
1791410078,1.10.1,0,ctrl CtrlProto 1000 Hz Default on @stream,Router,Off,CtrlProto,Default,1000,5000,5000,0,0,175.58,1345.10,3631.13,5861.79,212.99,256.65,64.00,2.99,220.57,56.00,4.00,0,5000,0.03
1791410083,1.10.1,0,ctrl CtrlProto 1000 Hz Default under 4 MB@30 Hz,Router,Off,CtrlProto,Default,1000,5000,5000,0,0,203.43,2331.33,5697.60,7755.07,302.89,447.73,68.00,2.93,216.49,178.00,9.01,0,5000,0.03
1791410092,1.10.1,0,ctrl CtrlProto 1000 Hz RealTime under 4 MB@30 Hz,Router,Off,CtrlProto,RealTime,1000,5000,4998,0,0,198.10,1611.25,3402.96,6054.70,266.64,308.17,74.03,3.01,231.44,154.00,9.01,0,4998,0.03
1791410097,1.10.1,0,frame FrameRaw Router shm Off,Router,Off,FrameRaw,Default,30,150,150,0,0,4485.81,15501.17,20965.53,20965.53,5086.61,2279.31,2733.33,351.32,8400370.40,3266.67,166.73,0,0,126.97
1791410102,1.10.1,0,frame FrameProto Router shm Off,Router,Off,FrameProto,Default,30,150,150,0,0,5628.99,16014.23,22451.62,22451.62,6374.97,2605.78,4933.33,352.32,12594690.53,4266.67,168.58,0,0,126.74
1791410108,1.10.1,0,frame FrameFb Router shm Off,Router,Off,FrameFb,Default,30,150,150,0,0,5319.78,10863.22,15358.13,15358.13,5651.98,1570.59,2800.00,351.32,8400418.35,4133.33,167.69,0,0,126.76
1791410113,1.10.1,0,frame FrameRaw Peer shm Off,Peer,Off,FrameRaw,Default,30,150,150,0,0,2290.69,10142.94,10687.14,10687.14,2866.81,1632.81,3600.00,355.62,8404613.24,3466.67,166.95,0,0,126.79
1791410118,1.10.1,0,frame FrameProto Peer shm Off,Peer,Off,FrameProto,Default,30,150,150,0,0,3056.60,7498.34,11858.65,11858.65,3378.82,1199.09,5133.33,356.61,12598606.01,4200.00,169.80,0,0,126.76
1791410123,1.10.1,0,frame FrameFb Peer shm Off,Peer,Off,FrameFb,Default,30,150,150,0,0,3181.92,10267.94,13702.82,13702.82,3774.85,1816.56,4000.00,355.61,8404333.83,5000.00,168.54,0,0,126.53
1791410129,1.10.1,0,frame FrameRaw Peer shm ImplicitDefault,Peer,ImplicitDefault,FrameRaw,Default,30,150,150,0,0,2400.36,15812.32,15828.83,15828.83,3234.28,2368.24,3733.33,355.91,8404387.21,4266.67,168.10,0,0,126.73
1791410134,1.10.1,0,frame FrameRaw Peer shm Implicit6MiB,Peer,Implicit6MiB,FrameRaw,Default,30,150,150,0,0,715.66,2884.32,5660.21,5660.21,818.69,510.88,400.00,12.54,75489.56,1200.00,9.85,149,149,126.81
1791410142,1.10.1,0,frame FrameRaw Peer shm Explicit6MiB,Peer,Explicit6MiB,FrameRaw,Default,30,150,149,0,0,272.55,2945.45,4024.88,4024.88,339.70,403.03,402.68,10.22,19225.38,600.00,6.31,149,149,126.73
1791410147,1.10.1,0,frame FrameProto Peer shm Explicit6MiB,Peer,Explicit6MiB,FrameProto,Default,30,150,150,0,0,1185.80,3377.20,4251.51,4251.51,1294.14,429.16,1000.00,11.12,4213400.63,1533.33,8.31,150,150,126.73
1791410152,1.10.1,0,frame FrameFb Peer shm Explicit6MiB,Peer,Explicit6MiB,FrameFb,Default,30,150,150,0,0,689.03,2575.33,2730.49,2730.49,748.65,321.52,333.33,10.14,19096.57,1600.00,6.33,150,150,126.73
1791410158,1.10.1,1,ctrl CtrlRaw 100 Hz Default,Router,Off,CtrlRaw,Default,100,500,500,0,0,403.15,3171.95,4957.49,4957.49,641.96,679.29,200.00,3.08,415.34,280.00,4.08,0,500,0.01
1791410163,1.10.1,1,ctrl CtrlRaw 100 Hz RealTime,Router,Off,CtrlRaw,RealTime,100,500,500,0,0,418.64,3324.72,5584.72,5584.72,588.07,570.34,220.00,3.08,415.60,220.00,4.09,0,500,0.01
1791410168,1.10.1,1,ctrl CtrlProto 100 Hz Default,Router,Off,CtrlProto,Default,100,500,500,0,0,392.91,2893.26,4430.96,4430.96,519.61,500.94,160.00,3.10,517.71,240.00,4.08,0,500,0.00
1791410173,1.10.1,1,ctrl CtrlProto 100 Hz RealTime,Router,Off,CtrlProto,RealTime,100,500,500,0,0,296.13,1865.43,4249.61,4249.61,368.61,379.20,120.00,3.08,415.34,160.00,4.08,0,500,0.00
1791410179,1.10.1,1,ctrl CtrlRaw 1000 Hz Default,Router,Off,CtrlRaw,Default,1000,5000,5000,0,0,212.24,3911.07,6980.12,10592.71,389.64,723.21,98.00,2.92,215.53,96.00,3.97,0,5000,0.06
1791410187,1.10.1,1,ctrl CtrlRaw 1000 Hz RealTime,Router,Off,CtrlRaw,RealTime,1000,5000,4977,0,0,217.21,2831.88,5967.16,8193.42,350.79,513.10,98.45,3.01,231.57,88.00,4.00,0,4977,0.06
1791410192,1.10.1,1,ctrl CtrlProto 1000 Hz Default,Router,Off,CtrlProto,Default,1000,5000,5000,0,0,240.97,4757.01,8472.71,11474.14,546.16,908.91,134.00,2.82,208.81,148.00,3.92,0,5000,0.03
1791410200,1.10.1,1,ctrl CtrlProto 1000 Hz RealTime,Router,Off,CtrlProto,RealTime,1000,5000,4902,0,0,258.08,7061.23,29478.49,36593.26,818.41,1978.07,167.28,3.01,232.90,186.00,3.95,0,4902,0.03
1791410205,1.10.1,1,ctrl CtrlRaw 5000 Hz Default,Router,Off,CtrlRaw,Default,5000,20000,20000,0,0,188.16,3697.49,6908.15,10124.29,488.10,775.06,59.50,2.30,156.34,70.50,3.67,0,20000,0.32
1791410212,1.10.1,1,ctrl CtrlRaw 5000 Hz RealTime,Router,Off,CtrlRaw,RealTime,5000,20000,18498,0,0,192.59,4103.30,8418.53,10997.83,537.31,866.29,79.47,3.00,205.83,83.00,3.87,0,18498,0.30
1791410216,1.10.1,1,ctrl CtrlProto 5000 Hz Default,Router,Off,CtrlProto,Default,5000,20000,20000,0,0,211.43,5189.62,9896.72,13898.12,637.81,1035.18,68.50,2.10,143.08,85.50,3.56,0,20000,0.15
1791410223,1.10.1,1,ctrl CtrlProto 5000 Hz RealTime,Router,Off,CtrlProto,RealTime,5000,20000,18198,0,0,191.92,5105.54,7940.30,13430.63,619.58,1005.41,81.88,3.00,205.93,84.50,3.84,0,18198,0.14
1791410229,1.10.1,1,ctrl CtrlProto 1000 Hz Default on @stream,Router,Off,CtrlProto,Default,1000,5000,5000,0,0,239.26,3296.15,7028.15,8589.45,414.48,621.61,102.00,2.91,214.73,128.00,3.96,0,5000,0.03
1791410234,1.10.1,1,ctrl CtrlProto 1000 Hz Default under 4 MB@30 Hz,Router,Off,CtrlProto,Default,1000,5000,5000,0,0,298.87,7045.81,10871.28,12125.77,984.49,1435.38,154.00,2.52,188.91,378.00,8.86,0,5000,0.03
1791410243,1.10.1,1,ctrl CtrlProto 1000 Hz RealTime under 4 MB@30 Hz,Router,Off,CtrlProto,RealTime,1000,5000,4883,0,0,259.56,5139.96,9634.43,10722.88,718.57,1084.28,153.59,3.01,232.18,332.00,8.94,0,4883,0.03
1791410248,1.10.1,1,frame FrameRaw Router shm Off,Router,Off,FrameRaw,Default,30,150,150,0,0,6054.02,19809.67,21310.62,21310.62,7594.70,3435.84,4133.33,351.32,8400370.40,4466.67,168.42,0,0,126.72
1791410254,1.10.1,1,frame FrameProto Router shm Off,Router,Off,FrameProto,Default,30,150,150,0,0,10150.06,56090.53,80250.11,80250.11,14013.40,10019.09,9533.33,352.32,12594690.53,7933.33,172.27,0,0,126.39
1791410259,1.10.1,1,frame FrameFb Router shm Off,Router,Off,FrameFb,Default,30,150,150,0,0,6748.71,26998.25,32673.18,32673.18,8366.78,4185.66,4733.33,351.34,8400419.63,5266.67,167.75,0,0,127.19
1791410265,1.10.1,1,frame FrameRaw Peer shm Off,Peer,Off,FrameRaw,Default,30,150,150,0,0,3173.68,16688.93,20303.66,20303.66,4586.95,3386.36,5400.00,355.59,8404285.52,5400.00,168.59,0,0,126.66
1791410270,1.10.1,1,frame FrameProto Peer shm Off,Peer,Off,FrameProto,Default,30,150,150,0,0,5571.29,30353.60,34987.66,34987.66,7210.80,5241.90,9466.67,356.62,12598605.89,7933.33,172.45,0,0,126.69
1791410275,1.10.1,1,frame FrameFb Peer shm Off,Peer,Off,FrameFb,Default,30,150,150,0,0,3862.86,26711.99,30153.52,30153.52,5388.10,4224.05,6133.33,355.52,8404321.57,6733.33,169.70,0,0,126.90
1791410280,1.10.1,1,frame FrameRaw Peer shm ImplicitDefault,Peer,ImplicitDefault,FrameRaw,Default,30,150,150,0,0,3401.89,20420.64,33551.96,33551.96,4878.72,4044.56,5400.00,356.01,8404412.86,5733.33,170.09,0,0,126.73
1791410286,1.10.1,1,frame FrameRaw Peer shm Implicit6MiB,Peer,Implicit6MiB,FrameRaw,Default,30,150,150,0,0,788.30,4887.70,6010.02,6010.02,995.74,704.01,533.33,12.50,75159.61,1200.00,9.44,149,149,126.80
1791410294,1.10.1,1,frame FrameRaw Peer shm Explicit6MiB,Peer,Explicit6MiB,FrameRaw,Default,30,150,149,0,0,328.63,2027.30,2099.08,2099.08,486.62,402.83,805.37,10.24,19226.88,733.33,6.31,149,149,126.70
1791410299,1.10.1,1,frame FrameProto Peer shm Explicit6MiB,Peer,Explicit6MiB,FrameProto,Default,30,150,150,0,0,1236.01,5050.26,7129.49,7129.49,1412.26,707.24,1266.67,11.15,4213400.55,1600.00,8.31,150,150,126.86
1791410304,1.10.1,1,frame FrameFb Peer shm Explicit6MiB,Peer,Explicit6MiB,FrameFb,Default,30,150,150,0,0,785.68,3346.84,6346.19,6346.19,968.58,651.17,533.33,10.11,19096.25,1866.67,6.33,150,150,126.84
1791410309,1.10.1,2,ctrl CtrlRaw 100 Hz Default,Router,Off,CtrlRaw,Default,100,500,500,0,0,440.14,4028.30,4808.24,4808.24,648.12,663.89,220.00,3.09,423.98,280.00,4.08,0,500,0.01
1791410315,1.10.1,2,ctrl CtrlRaw 100 Hz RealTime,Router,Off,CtrlRaw,RealTime,100,500,500,0,0,426.09,3138.42,7718.37,7718.37,609.09,650.37,200.00,3.08,415.35,260.00,4.09,0,500,0.01
1791410320,1.10.1,2,ctrl CtrlProto 100 Hz Default,Router,Off,CtrlProto,Default,100,500,500,0,0,446.49,3058.72,7721.29,7721.29,595.98,621.87,200.00,3.08,415.35,280.00,4.09,0,500,0.00
1791410325,1.10.1,2,ctrl CtrlProto 100 Hz RealTime,Router,Off,CtrlProto,RealTime,100,500,500,0,0,423.89,3627.19,7388.73,7388.73,591.88,649.77,200.00,3.08,415.34,260.00,4.10,0,500,0.00
1791410330,1.10.1,2,ctrl CtrlRaw 1000 Hz Default,Router,Off,CtrlRaw,Default,1000,5000,5000,0,0,242.55,4480.39,9512.56,12166.54,547.39,921.32,134.00,2.82,209.09,154.00,3.93,0,5000,0.06
1791410339,1.10.1,2,ctrl CtrlRaw 1000 Hz RealTime,Router,Off,CtrlRaw,RealTime,1000,5000,4966,0,0,228.34,4310.22,8443.98,10438.99,439.65,802.17,120.82,3.01,231.64,112.00,3.98,0,4966,0.06
1791410344,1.10.1,2,ctrl CtrlProto 1000 Hz Default,Router,Off,CtrlProto,Default,1000,5000,5000,0,0,173.10,2269.12,5512.86,7548.45,248.50,433.91,60.00,2.97,218.73,64.00,3.99,0,5000,0.03
1791410352,1.10.1,2,ctrl CtrlProto 1000 Hz RealTime,Router,Off,CtrlProto,RealTime,1000,5000,4998,0,0,180.82,1555.82,3246.32,4214.99,225.58,259.91,62.02,3.01,231.44,58.00,4.00,0,4998,0.03
1791410356,1.10.1,2,ctrl CtrlRaw 5000 Hz Default,Router,Off,CtrlRaw,Default,5000,20000,20000,0,0,144.59,449.33,1481.62,3006.91,156.68,102.19,39.50,2.96,199.93,41.50,3.98,0,20000,0.32
1791410364,1.10.1,2,ctrl CtrlRaw 5000 Hz RealTime,Router,Off,CtrlRaw,RealTime,5000,20000,19564,0,0,171.95,2714.21,5301.58,8815.50,302.86,501.92,60.83,3.00,205.51,59.50,3.96,0,19564,0.31
1791410368,1.10.1,2,ctrl CtrlProto 5000 Hz Default,Router,Off,CtrlProto,Default,5000,20000,20000,0,0,144.01,2129.82,7116.57,8631.27,218.82,435.66,46.00,2.85,192.88,44.00,3.94,0,20000,0.15
1791410375,1.10.1,2,ctrl CtrlProto 5000 Hz RealTime,Router,Off,CtrlProto,RealTime,5000,20000,19821,0,0,151.82,1503.71,3341.54,5120.45,201.24,261.16,46.92,3.00,205.44,46.50,3.98,0,19821,0.15
1791410380,1.10.1,2,ctrl CtrlProto 1000 Hz Default on @stream,Router,Off,CtrlProto,Default,1000,5000,5000,0,0,198.14,1950.49,4207.98,5310.76,270.10,355.78,76.00,2.97,219.01,74.00,3.99,0,5000,0.03
1791410386,1.10.1,2,ctrl CtrlProto 1000 Hz Default under 4 MB@30 Hz,Router,Off,CtrlProto,Default,1000,5000,5000,0,0,201.63,1593.92,3206.51,4467.94,261.67,288.09,70.00,2.97,218.85,164.00,9.02,0,5000,0.03
1791410395,1.10.1,2,ctrl CtrlProto 1000 Hz RealTime under 4 MB@30 Hz,Router,Off,CtrlProto,RealTime,1000,5000,4987,0,0,200.20,2389.57,5236.38,5843.37,305.73,433.64,74.19,3.01,231.51,176.00,9.01,0,4987,0.03
1791410400,1.10.1,2,frame FrameRaw Router shm Off,Router,Off,FrameRaw,Default,30,150,150,0,0,4988.60,19424.91,21571.41,21571.41,6015.12,3103.08,3066.67,351.32,8400370.40,3533.33,167.57,0,0,126.72
1791410405,1.10.1,2,frame FrameProto Router shm Off,Router,Off,FrameProto,Default,30,150,150,0,0,5721.85,14254.26,23689.03,23689.03,6300.07,2314.70,5133.33,352.32,12594690.53,4333.33,169.81,0,0,126.73
1791410411,1.10.1,2,frame FrameFb Router shm Off,Router,Off,FrameFb,Default,30,150,150,0,0,4793.19,14851.86,15648.65,15648.65,5422.88,2065.95,2866.67,351.33,8400419.20,4000.00,167.97,0,0,126.91
1791410416,1.10.1,2,frame FrameRaw Peer shm Off,Peer,Off,FrameRaw,Default,30,150,150,0,0,2823.62,17493.81,20159.88,20159.88,4010.95,3076.73,5000.00,354.94,8404225.73,4400.00,169.17,0,0,126.70
1791410421,1.10.1,2,frame FrameProto Peer shm Off,Peer,Off,FrameProto,Default,30,150,150,0,0,3051.65,11572.52,26512.41,26512.41,3803.21,2503.83,5266.67,356.61,12598605.85,4600.00,169.93,0,0,126.69
1791410426,1.10.1,2,frame FrameFb Peer shm Off,Peer,Off,FrameFb,Default,30,150,150,0,0,2920.03,8088.04,8776.20,8776.20,3462.85,1421.76,3733.33,355.57,8404332.31,4666.67,167.95,0,0,126.66
1791410431,1.10.1,2,frame FrameRaw Peer shm ImplicitDefault,Peer,ImplicitDefault,FrameRaw,Default,30,150,150,0,0,2528.47,11788.53,12512.11,12512.11,3356.21,2219.66,3800.00,356.01,8404412.98,4066.67,168.87,0,0,126.83
1791410437,1.10.1,2,frame FrameRaw Peer shm Implicit6MiB,Peer,Implicit6MiB,FrameRaw,Default,30,150,150,0,0,619.90,1917.09,2739.59,2739.59,658.20,230.37,266.67,12.52,75160.94,933.33,9.48,149,149,126.77
1791410442,1.10.1,2,frame FrameRaw Peer shm Explicit6MiB,Peer,Explicit6MiB,FrameRaw,Default,30,150,150,0,0,270.20,1864.13,2278.54,2278.54,338.91,298.04,466.67,10.10,19095.32,666.67,6.31,150,150,126.73
1791410447,1.10.1,2,frame FrameProto Peer shm Explicit6MiB,Peer,Explicit6MiB,FrameProto,Default,30,150,150,0,0,1245.38,2735.28,3052.55,3052.55,1344.61,335.16,1066.67,11.17,4213401.75,1666.67,8.31,150,150,126.74
1791410452,1.10.1,2,frame FrameFb Peer shm Explicit6MiB,Peer,Explicit6MiB,FrameFb,Default,30,150,150,0,0,808.13,3953.48,5180.83,5180.83,1037.82,684.62,600.00,10.15,19097.79,1933.33,6.33,150,150,126.74
