unix_s,zenoh,group,case,expected,got,wrong,note
1791412446,1.10.1,basic,"producer + storage, one put [no-repl]",v1,v1,false,1 reply after Latest; 0.9 ms
1791412446,1.10.1,basic,storage only (producer gone) [no-repl],v1,v1,false,
1791412446,1.10.1,stale,"stale storage (missed v2 behind a cut link), producer present [no-repl]",v2,v2,false,"replies: ""v2"" (ts now-6.0s), ""v1"" (ts now-6.6s)"
1791412446,1.10.1,stale,"stale storage, producer gone [no-repl]",v2,v1,true,"replies: ""v1"" (ts now-6.9s)"
1791412446,1.10.1,clock,"producer restarts 5 s behind, naive [no-repl]",v2,v1,true,"replies: ""v2"" (ts now-5.3s), ""v1"" (ts now-0.6s)"
1791412446,1.10.1,clock,"producer restarts 5 s behind, with U2's catch-up (never stamp at or below the last stored timestamp) [no-repl]",v2,v2,false,"replies: ""v2"" (ts now-0.6s), ""v2"" (ts now-0.6s)"
1791412446,1.10.1,clock,producer 2 s ahead: the value read [no-repl],v1,v1,false,"subscriber's timestamp -2000 ms, GET reply's +0 ms, relative to the producer's stamp"
1791412446,1.10.1,delete,"delete, then GET (producer's reply_del + storage) [no-repl]",(deleted / absent),(deleted / absent),false,
1791412446,1.10.1,delete,the storage missed the delete; producer's tombstone in its window [no-repl],(deleted / absent),(deleted / absent),false,"replies: del (ts now-6.0s), ""v2"" (ts now-6.6s)"
1791412446,1.10.1,delete,"the same, after the producer's 10 s tombstone window [no-repl]",(deleted / absent),v2,true,U3: the window must outlast storage staleness
1791412446,1.10.1,gc,"delete, then a late older put within 0.3 s, storage only [no-repl]",(deleted / absent),(deleted / absent),false,replies: 
1791412446,1.10.1,gc,"delete, then a late older put after the GC tick (7s), storage only [no-repl]",(deleted / absent),(deleted / absent),false,replies: 
1791412446,1.10.1,gc,"wildcard delete of items/*, then a stale put on items/a, storage only (zenoh#2649) [no-repl]",(deleted / absent),(deleted / absent),false,replies: 
1791412446,1.10.1,stamping,"producer does not stamp (S1 broken), stale storage [no-repl]",v2,v1,true,"replies: ""v2"" (unstamped), ""v1"" (ts now-6.6s)"
1791412446,1.10.1,scale,"wildcard GET over 1000 `state` keys, producer + storage, consolidation Latest",1000,1000 replies in 7 ms,false,producer RSS +332 KiB for 1000 entries
1791412446,1.10.1,scale,"wildcard GET over 1000 `state` keys, producer + storage, consolidation None",1000 (or 2x: two repliers),2000 replies in 6 ms,false,producer RSS +332 KiB for 1000 entries
1791412446,1.10.1,scale,"wildcard GET over 1000 `state` keys, storage only",1000,1000 replies in 6 ms,false,
1791412446,1.10.1,scale,"wildcard GET over 10000 `state` keys, producer + storage, consolidation Latest",10000,10000 replies in 41 ms,false,producer RSS +1720 KiB for 10000 entries
1791412446,1.10.1,scale,"wildcard GET over 10000 `state` keys, producer + storage, consolidation None",10000 (or 2x: two repliers),20000 replies in 40 ms,false,producer RSS +1720 KiB for 10000 entries
1791412446,1.10.1,scale,"wildcard GET over 10000 `state` keys, storage only",10000,10000 replies in 24 ms,false,
1791412446,1.10.1,scale,"wildcard GET over 50000 `@state` keys, producer + storage, consolidation Latest",50000,50000 replies in 182 ms,false,producer RSS +5188 KiB for 50000 entries
1791412446,1.10.1,scale,"wildcard GET over 50000 `@state` keys, producer + storage, consolidation None",50000 (or 2x: two repliers),100000 replies in 191 ms,false,producer RSS +5188 KiB for 50000 entries
1791412446,1.10.1,scale,"wildcard GET over 50000 `@state` keys, storage only",50000,50000 replies in 120 ms,false,
1791412446,1.10.1,scale,"wildcard GET over 100000 `@state` keys, producer + storage, consolidation Latest",100000,100000 replies in 373 ms,false,producer RSS +0 KiB for 100000 entries
1791412446,1.10.1,scale,"wildcard GET over 100000 `@state` keys, producer + storage, consolidation None",100000 (or 2x: two repliers),200000 replies in 380 ms,false,producer RSS +0 KiB for 100000 entries
1791412446,1.10.1,scale,"wildcard GET over 100000 `@state` keys, storage only",100000,100000 replies in 249 ms,false,
1791412446,1.10.1,events,"1000 occurrences, union storage: replay GET of zk2/h-1/snmp/zs.snmp.v1/events/traps/*",1000,1000 in 6 ms,false,
1791412446,1.10.1,events,"the same, bounded by time: ?_time=[now(-1.2)..] (half the traps are older than 1.5 s)",500,1000,true,retention as a replay bound
1791412446,1.10.1,basic,"producer + storage, one put [repl]",v1,v1,false,1 reply after Latest; 0.7 ms
1791412446,1.10.1,basic,storage only (producer gone) [repl],v1,v1,false,
1791412446,1.10.1,stale,"stale storage (missed v2 behind a cut link), producer present [repl]",v2,v2,false,"replies: ""v2"" (ts now-6.0s), ""v2"" (ts now-6.0s), ""v2"" (ts now-6.0s)"
1791412446,1.10.1,stale,"stale storage, producer gone [repl]",v2,v2,false,"replies: ""v2"" (ts now-6.3s), ""v2"" (ts now-6.3s)"
1791412446,1.10.1,clock,"producer restarts 5 s behind, naive [repl]",v2,v1,true,"replies: ""v2"" (ts now-5.3s), ""v1"" (ts now-0.6s), ""v1"" (ts now-0.6s)"
1791412446,1.10.1,clock,"producer restarts 5 s behind, with U2's catch-up (never stamp at or below the last stored timestamp) [repl]",v2,v2,false,"replies: ""v2"" (ts now-0.6s), ""v2"" (ts now-0.6s), ""v2"" (ts now-0.6s)"
1791412446,1.10.1,clock,producer 2 s ahead: the value read [repl],v1,v1,false,"subscriber's timestamp -2000 ms, GET reply's +0 ms, relative to the producer's stamp"
1791412446,1.10.1,delete,"delete, then GET (producer's reply_del + storage) [repl]",(deleted / absent),(deleted / absent),false,
1791412446,1.10.1,delete,the storage missed the delete; producer's tombstone in its window [repl],(deleted / absent),(deleted / absent),false,replies: del (ts now-6.0s)
1791412446,1.10.1,delete,"the same, after the producer's 10 s tombstone window [repl]",(deleted / absent),(deleted / absent),false,U3: the window must outlast storage staleness
1791412446,1.10.1,gc,"delete, then a late older put within 0.3 s, storage only [repl]",(deleted / absent),(deleted / absent),false,replies: 
1791412446,1.10.1,gc,"delete, then a late older put after the GC tick (7s), storage only [repl]",(deleted / absent),(deleted / absent),false,replies: 
1791412446,1.10.1,gc,"wildcard delete of items/*, then a stale put on items/a, storage only (zenoh#2649) [repl]",(deleted / absent),(deleted / absent),false,replies: 
1791412446,1.10.1,stamping,"producer does not stamp (S1 broken), stale storage [repl]",v2,v2,false,"replies: ""v2"" (unstamped), ""v2"" (ts now-6.0s), ""v2"" (ts now-6.0s)"
