unix_s,case,expected,new_reads_old,old_reads_new,verdict,jsoncompat
1791415931,add-enum-value,breaking (old readers reject it),ok,Status.state: the writer may produce a value the reader's enum/const lacks,breaking,"serializer: exit Some(1), deserializer: exit Some(0)"
1791415931,add-optional-property,compatible both ways,ok,ok,compatible both ways,"serializer: exit Some(0), deserializer: exit Some(0)"
1791415931,add-optional-property-closed,compatible under the zk2 rule (readers tolerate unknown properties); literal containment says breaking,ok,ok,compatible both ways,"serializer: exit Some(1), deserializer: exit Some(0)"
1791415931,add-pattern,outside the zk2 subset,ok,ok,refused: outside the zk2 subset (pattern),"serializer: exit Some(0), deserializer: exit Some(1)"
1791415931,add-required-property,breaking (old data lacks it),Status.extra: the reader requires it and the writer may omit it,ok,breaking,"serializer: exit Some(0), deserializer: exit Some(1)"
1791415931,description-only,compatible (no change),ok,ok,compatible both ways,"serializer: exit Some(0), deserializer: exit Some(0)"
1791415931,integer-to-number,breaking (old readers reject fractions),ok,"Status.since_ms: the writer may produce `number`, which the reader rejects",breaking,"serializer: exit Some(1), deserializer: exit Some(0)"
1791415931,loosen-maxlength,breaking (old readers reject longer labels),ok,Status.label: the reader's `maxLength` is tighter than the writer's,breaking,"serializer: exit Some(1), deserializer: exit Some(0)"
1791415931,number-to-integer,breaking (new readers reject old fractions),"Status.load: the writer may produce `number`, which the reader rejects",ok,breaking,"serializer: exit Some(0), deserializer: exit Some(1)"
1791415931,oneof-add-branch,breaking (old readers reject the new branch),ok,Status.detail: the writer's oneOf branch 1 fits no reader branch,breaking,"serializer: exit Some(1), deserializer: exit Some(0)"
1791415931,optional-to-required,breaking,Status.note: the reader requires it and the writer may omit it,ok,breaking,"serializer: exit Some(0), deserializer: exit Some(1)"
1791415931,remove-enum-value,breaking,Status.state: the writer may produce a value the reader's enum/const lacks,ok,breaking,"serializer: exit Some(0), deserializer: exit Some(1)"
1791415931,remove-optional-property,compatible under the zk2 rule (writers send only declared properties); literal containment says breaking,ok,ok,compatible both ways,"serializer: exit Some(1), deserializer: exit Some(0)"
1791415931,required-to-optional,breaking (old readers require it),ok,Status.state: the reader requires it and the writer may omit it,breaking,"serializer: exit Some(1), deserializer: exit Some(0)"
1791415931,tighten-maximum,breaking,Status.load: the reader's `maximum` is tighter than the writer's,ok,breaking,"serializer: exit Some(0), deserializer: exit Some(1)"
