unix_s,case,expected,buf_fwd,buf_rev,ours_fwd,ours_rev,agree,zk2
1791415931,add-enum-value,compatible,ok,breaking,ok,ENUM_VALUE_NO_DELETE_UNLESS_NAME_RESERVED + ENUM_VALUE_NO_DELETE_UNLESS_NUMBER_RESERVED,true,WIRE_JSON: breaking (new reads old: ok; old reads new: enum value unknown to the reader (JSON names it)). WIRE only: compatible
1791415931,add-field,compatible both ways,ok,breaking,ok,FIELD_NO_DELETE_UNLESS_NAME_RESERVED + FIELD_NO_DELETE_UNLESS_NUMBER_RESERVED,true,WIRE_JSON: compatible both ways (new reads old: ok; old reads new: ok). WIRE only: compatible
1791415931,delete-enum-value,breaking,breaking,ok,ENUM_VALUE_NO_DELETE_UNLESS_NAME_RESERVED + ENUM_VALUE_NO_DELETE_UNLESS_NUMBER_RESERVED,ok,true,WIRE_JSON: breaking (new reads old: enum value unknown to the reader (JSON names it); old reads new: ok). WIRE only: compatible
1791415931,delete-field,breaking,breaking,ok,FIELD_NO_DELETE_UNLESS_NAME_RESERVED + FIELD_NO_DELETE_UNLESS_NUMBER_RESERVED,ok,true,WIRE_JSON: compatible both ways (new reads old: ok; old reads new: ok); W: field deleted without reserving its number. WIRE only: compatible
1791415931,delete-field-reserved,compatible (WIRE_JSON),ok,breaking,ok,RESERVED_NAME_NO_DELETE + RESERVED_RANGE_NO_DELETE,true,WIRE_JSON: compatible both ways (new reads old: ok; old reads new: ok). WIRE only: compatible
1791415931,doc-only,compatible (no change),ok,ok,ok,ok,true,WIRE_JSON: compatible both ways (new reads old: ok; old reads new: ok). WIRE only: compatible
1791415931,int32-to-int64,breaking under WIRE_JSON (int64 is a JSON string),breaking,breaking,FIELD_WIRE_JSON_COMPATIBLE_TYPE,FIELD_WIRE_JSON_COMPATIBLE_TYPE,true,WIRE_JSON: breaking (new reads old: type differs; old reads new: type differs). WIRE only: breaking
1791415931,json-name-option,breaking under WIRE_JSON,breaking,breaking,FIELD_SAME_JSON_NAME,FIELD_SAME_JSON_NAME,true,WIRE_JSON: breaking (new reads old: json name differs; old reads new: json name differs). WIRE only: compatible
1791415931,move-into-oneof,breaking,breaking,breaking,FIELD_SAME_ONEOF,FIELD_SAME_ONEOF,true,WIRE_JSON: breaking (new reads old: oneof membership differs; old reads new: oneof membership differs). WIRE only: breaking
1791415931,rename-enum-value,breaking under WIRE_JSON (JSON uses names),breaking,breaking,ENUM_VALUE_SAME_NAME,ENUM_VALUE_SAME_NAME,true,WIRE_JSON: breaking (new reads old: enum value renamed (JSON names it); old reads new: enum value renamed (JSON names it)). WIRE only: compatible
1791415931,rename-field,"breaking under WIRE_JSON (json name), compatible on wire",breaking,breaking,FIELD_SAME_JSON_NAME + FIELD_SAME_NAME,FIELD_SAME_JSON_NAME + FIELD_SAME_NAME,true,WIRE_JSON: breaking (new reads old: json name differs; old reads new: json name differs). WIRE only: compatible
1791415931,renumber-field,breaking,breaking,breaking,FIELD_NO_DELETE_UNLESS_NAME_RESERVED + FIELD_NO_DELETE_UNLESS_NUMBER_RESERVED,FIELD_NO_DELETE_UNLESS_NAME_RESERVED + FIELD_NO_DELETE_UNLESS_NUMBER_RESERVED,true,WIRE_JSON: breaking (new reads old: field renumbered (data silently dropped); old reads new: field renumbered (data silently dropped)); W: field deleted without reserving its number. WIRE only: breaking
1791415931,scalar-to-repeated,breaking,breaking,breaking,FIELD_WIRE_JSON_COMPATIBLE_CARDINALITY,FIELD_WIRE_JSON_COMPATIBLE_CARDINALITY,true,WIRE_JSON: breaking (new reads old: cardinality differs; old reads new: cardinality differs). WIRE only: breaking
1791415931,string-to-bytes,breaking under WIRE_JSON (base64 in JSON),breaking,breaking,FIELD_WIRE_JSON_COMPATIBLE_TYPE,FIELD_WIRE_JSON_COMPATIBLE_TYPE,true,WIRE_JSON: breaking (new reads old: type differs; old reads new: type differs). WIRE only: breaking
